FirstName,LastName,Email,Phone
Andrew,Carter,andrew.carter@account229lt.co.uk,0800 779 8778
John,Sharma,angela.sharma@account210lt.co.uk,0800 158 5358
Adam,Taylor,adam.taylor@account201lt.co.uk,
Michelle,Myers,michelle.myers@account134lt.co.uk,
Christine,Mensah,christine.mensah@liskeardplas.co.uk,01271 703396
Susan,Peterson,,01651 635392
Dorothy,Rogers,dorothy.rogers@fakenhamglas.co.uk,07766322311
Donna,Jackson,donna.jackson@account163lt.co.uk,01183 905984
Paul,Young,paul.young@thorntontimb.co.uk,
Ryan,Parker,ryan.parker@bramleypacka.co.uk,07986815321
Donna,Perry,donna.perry@account139lt.co.uk,07867928519
Priya,Morgan,priya.morgan@croftindustr.co.uk,
John,Johnson,,07716352009
Susan,Garcia,susan.garcia@account228lt.co.uk,
Ahmed,Evans,owen.evans@account164lt.co.uk,01535 123126
Patricia,Gonzales,patricia.gonzales@goolecontain.co.uk,0800 216 8889
Simon,Sanders,simon.sanders@emsworthlogi.co.uk,0800 977 3059
Christopher,Simmons,christopher.simmons@daltonfreigh.co.uk,+44 7951 593975
Karen,Washington,karen.washington@corshampreci.co.uk,01839 194825
Andrew,Woods,andrew.woods@ashtonmateri.co.uk,01428 212890
Clare,Wallace,clare.wallace@account127lt.co.uk,0800 113 8775
Brian,Smith,brian.smith@alcesterprec.co.uk,0800 921 5483
Patrick,Asante,patrick.asante@account223lt.co.uk,01104 656127
David,Bell,david.bell@account114lt.co.uk,01791 315910
Deborah,Alexander,,
Philip,Coleman,philip.coleman@quornindustr.co.uk,07823530108
Deborah,Allen,deborah.allen@@honitonwoodw.co.uk,+44 7731 429500
Graham,Coleman,,+44 7750 385015
Stuart,Woods,stuart.woods@account230lt.co.uk,01211 573546
Anita,White,anita.white@account165lt.co.uk,+44 7806 573869
Julie,Perry,julie.perry@account147lt.co.uk,01416 284084
Ann,Adams,,07821846722
Dean,Robinson,dean.robinson@uckfieldsupp.co.uk,01192 332873
Adam,Wood,adam.wood@account174lt.co.uk,N/A
Kevin,Campbell,kevin.campbell@montrosesupp.co.uk,
Gareth,Griffin,gareth.griffin@@thorntontimb.co.uk,
Victoria,Myers,victoria.myers@daltonfreigh.co.uk,+44 7975 450741
Sarah,Bell,sarah.bell@hadleightool.co.uk,0800 735 4501
Emma,Torres,emma.torres@account117lt.co.uk,
Karen,Patterson,karen.patterson@account227lt.co.uk,07724660245
Maria,Harris,maria.harris@account128lt.co.uk,
Louise,Robinson,louise.robinson@account213lt.co.uk,07781688947
Patricia,Bailey,patricia.bailey@pontefractca.co.uk,
Clare,Simmons,clare.simmons@elsworthmanu.co.uk,+44 7771 297370
Alan,Cooper,alan.cooper@kelvinsideco.co.uk,01781 378711
Julie,White,julie.white@zenithdistri.co.uk,+44 7721 989203
Deborah,Simmons,sharon.simmons@account163lt.co.uk,
Samantha,Bryant,samantha.bryant@account215lt.co.uk,01535 833222
Helen,Bell,helen.bell@account161lt.co.uk,07731941363
Ryan,Singh,ryan.singh@gatwicklogis.co.uk,+44 7792 105582
Jason,Ali,,07763155777
Deborah,Jenkins,,+44 7953 273438
Gareth,Bailey,gareth.bailey@winsfordchem.co.uk,07834552266
Clare,Gonzales,clare.gonzales@account124lt.co.uk,01762 438974
Ruth,Bryant,ruth.bryant@penninehardw.co.uk,+44 7714 831351
,Butler,claire.butler@quornindustr.co.uk,+44 7712 288288
David,Harris,david.harris@account119lt.co.uk,+44 7884 824211
Robert,Miller,robert.miller@maltonfoods.co.uk,07928746253
Jacqueline,James,jacqueline.james@account195lt.co.uk,+44 7895 762902
Gillian,Young,,07987757233
Martin,Campbell,martin.campbell@ashtonmateri.co.uk,01908 255783
Claire,Green,claire.green@emsworthlogi.co.uk,
Philip,Thompson,anita.thompson@baldockengin.co.uk,01596 400579
Andrew,Morris,andrew.morris@account226lt.co.uk,07961228028
Keith,Carter,keith.carter@account114lt.co.uk,
Ahmed,Myers,ahmed.myers@account165lt.co.uk,0800 261 1256
Martin,Rogers,martin.rogers@account138lt.co.uk,
Dean,Perry,dean.perry@account200lt.co.uk,0800 899 3314
Lesley,Allen,lesley.allen@stanmorefood.co.uk,+44 7992 799565
Stephanie,Evans,stephanie.evans@account185lt.co.uk,0800 400 7571
David,Rogers,david.rogers@account122lt.co.uk,+44 7961 181212
Donna,Cooper,donna.cooper@@account183lt.co.uk,
Emma,Adams,emma.adams@penninehardw.co.uk,07800272471
Paul,Green,paul.green@oldhamindust.co.uk,
Robert,Wilson,robert.wilson@account212lt.co.uk,
William,Brooks,,
Ryan,Bennett,ryan.bennett@account156lt.co.uk,0800 383 8630
Claire,Wood,,+44 7846 583757
Michelle,Wallace,michelle.wallace@thorntontimb.co.uk,
Lisa,Diaz,lisa.diaz@account156lt.co.uk,01941 792818
Carol,Flores,carol.flores@account121lt.co.uk,0800 565 5539
Sean,Russell,sean.russell@account218lt.co.uk,01231 803904
Kevin,Torres,kevin.torres@thorntontimb.co.uk,+44 7895 388584
Michael,Carter,michael.carter@account132lt.co.uk,01824 458747
Carol,Brooks,carol.brooks@derehamsteel.co.uk,07769527249
Matthew,Roberts,matthew.roberts@account148lt.co.uk,0800 499 8318
Michelle,Hayes,michelle.hayes@account214lt.co.uk,0800 990 9102
Mohammed,Gray,mohammed.gray@account197lt.co.uk,01918 653007
Sean,Bell,sean.bell@account116lt.co.uk,+44 7806 270855
Laura,Wright,laura.wright@account132lt.co.uk,07713150243
Jake,Morris,jake.morris@droitwichsup.co.uk,+44 7797 710110
Philip,Perry,philip.perry@account111lt.co.uk,
Michael,Hamilton,michael.hamilton@@yateleycompo.co.uk,07854464750
Dominic,Thomas,,0800 153 4694
Louise,Ali,louise.ali@verwoodelect.co.uk,07738354948
Janet,Brown,janet.brown@leamingtonru.co.uk,
Stephanie,Woods,stephanie.woods@account153lt.co.uk,+44 7807 754487
Gareth,Nelson,gareth.nelson@whitbymarine.co.uk,+44 7874 385320
Barbara,Sharma,barbara.sharma@account223lt.co.uk,+44 7980 779778
Nicola,Cook,nicola.cook@uttoxeterfor.co.uk,07830910894
Gary,Peterson,gary.peterson@account109lt.co.uk,07788766160
Samantha,Evans,samantha.evans@aldridgestee.co.uk,0800 765 1269
Sean,Smith,sean.smith@frodshamcast.co.uk,
Lesley,Bell,lesley.bell@rawtenstallc.co.uk,07842606828
Scott,Nelson,scott.nelson@corshampreci.co.uk,+44 7988 124828
Anita,Wallace,anita.wallace@leamingtonru.co.uk,0800 550 2981
Sarah,Bell,sarah.bell@account189lt.co.uk,07722238599
Samantha,Foster,samantha.foster@account193lt.co.uk,0800 142 1082
John,Thompson,john.thompson@westgateindu.co.uk,07997600466
Robert,Ford,robert.ford@account119lt.co.uk,
Sarah,Cook,sarah.cook@selbychemica.co.uk,0800 762 5504
Paul,Flores,paul.flores@alcesterprec.co.uk,+44 7817 790138
Jason,Thompson,jason.thompson@croftindustr.co.uk,
Robert,Martin,robert.martin@oldhamindust.co.uk,07783141750
Janet,Jones,janet.jones@xtremetoolin.co.uk,
Sandra,Garcia,sandra.garcia@account129lt.co.uk,01389 376002
Patricia,Wright,patricia.wright@nantwichcera.co.uk,0800 208 6864
Wendy,Evans,wendy.evans@upminsterlog.co.uk,01598 290824
Gareth,Woods,gareth.woods@verwoodmetal.co.uk,01120 531762
Christine,Bryant,christine.bryant@ventnormarin.co.uk,+44 7722 957915
Craig,King,,01626 261177
Peter,Evans,peter.evans@stanmorefood.co.uk,+44 7996 477685
Brian,Rahman,brian.rahman@account131lt.co.uk,07988607122
Clare,Hayes,clare.hayes@account179lt.co.uk,
Matthew,Henderson,matthew.henderson@pershoreglas.co.uk,+44 7893 746908
Tracey,Thomas,,01691 895338
Matthew,Woods,matthew.woods@zenithdistri.co.uk,07748166891
Christopher,Torres,christopher.torres@droitwichsup.co.uk,
Laura,Mitchell,laura.mitchell@meridianmeta.co.uk,
Donna,Baker,donna.baker@emsworthlogi.co.uk,
Ahmed,Peterson,ahmed.peterson@tilburyshipp.co.uk,0800 401 9892
Elizabeth,Murphy,elizabeth.murphy@aldridgestee.co.uk,01569 142615
Sean,Woods,sean.woods@xcelcomponen.co.uk,01330 764575
Philip,Murphy,philip.murphy@yeovilrubber.co.uk,01928 546644
Ahmed,Wright,,0800 443 6532
Dean,Ford,dean.ford@@croftindustr.co.uk,+44 7873 581801
David,Woods,david.woods@upminsterlog.co.uk,+44 7783 478986
Laura,Diaz,laura.diaz@derehamsteel.co.uk,01312 698076
Christine,Bell,christine.bell@account145lt.co.uk,0800 978 4977
Christine,King,christine.king@yeovilrubber.co.uk,+44 7704 434064
Patrick,Woods,patrick.woods@bolsovercont.co.uk,0800 777 5072
Stuart,Evans,,0800 123 5803
Victoria,Hamilton,victoria.hamilton@account126lt.co.uk,
Jason,Torres,jason.torres@account228lt.co.uk,07814128143
Alison,Flores,alison.flores@account195lt.co.uk,0800 421 6787
Darren,Torres,darren.torres@godalmingpre.co.uk,01292 272892
Richard,Brooks,richard.brooks@rawtenstallc.co.uk,01863 948310
Gillian,Ford,gillian.ford@account227lt.co.uk,
Amanda,Hill,amanda.hill@account208lt.co.uk,+44 7805 953047
Jason,Walker,jason.walker@montrosesupp.co.uk,07820625600
Angela,Anderson,angela.anderson@account126lt.co.uk,
Emma,Watson,emma.watson@account199lt.co.uk,0800 602 1447
Kevin,Griffin,kevin.griffin@account180lt.co.uk,07720464175
Wendy,Wilson,,
Timothy,Russell,,07723866773
Victoria,Clarke,victoria.clarke@account143lt.co.uk,01842 727127
Hannah,Clarke,hannah.clarke@account224lt.co.uk,
Nicola,Butler,nicola.butler@oswestryplas.co.uk,0800 209 3061
Simon,Gonzales,simon.gonzales@biggleswadet.co.uk,07944509568
Deborah,Allen,deborah.allen@account221lt.co.uk,07972627778
Jake,Phillips,jake.phillips@account150lt.co.uk,
Tracy,Perry,tracy.perry@account110lt.co.uk,01241 629283
Timothy,Evans,timothy.evans@account196lt.co.uk,+44 7850 752126
Barbara,Cook,barbara.cook@goolecontain.co.uk,0800 429 5067
Ann,Alexander,ann.alexander@wantagelogis.co.uk,0800 595 9014
Ian,Ali,ian.ali@account109lt.co.uk,07895314124
Gareth,Edwards,gareth.edwards@account196lt.co.uk,01679 893238
Carl,Smith,sean.smith@frodshamcast.co.uk,
Sean,Harris,sean.harris@abingdonfast.co.uk,07868285846
Ravi,Scott,ravi.scott@fultonbearin.co.uk,01128 115267
John,Morgan,john.morgan@ripleychemic.co.uk,01771 646313
Mark,Jones,mark.jones@zennormining.co.uk,01508 202905
Elizabeth,Bryant,elizabeth.bryant@account132lt.co.uk,01698 510154
Graham,Mensah,graham.mensah@xtremetoolin.co.uk,+44 7819 617795
Hannah,Cooper,hannah.cooper@padstowmarin.co.uk,+44 7928 544320
Meera,Diaz,meera.diaz@derehamsteel.co.uk,07963807424
Paul,Jenkins,,+44 7761 755303
Samantha,Richardson,samantha.richardson@quornindustr.co.uk,+44 7931 565455
Ruth,Asante,ruth.asante@account205lt.co.uk,01264 846389
Donna,Walker,,01992 791567
Meera,Robinson,meera.robinson@dunmoresteel.co.uk,+44 7790 134272
Clare,Sanders,clare.sanders@yateleycompo.co.uk,01882 102360
Peter,Taylor,peter.taylor@account197lt.co.uk,
Karen,Jackson,,01414 527060
Donna,Rahman,donna.rahman@shifnalconta.co.uk,+44 7956 643945
Joanne,Adams,joanne.adams@account190lt.co.uk,0800 394 2523
Ian,Turner,ian.turner@account131lt.co.uk,+44 7994 353124
Ravi,Ward,,+44 7942 846610
Christopher,Sullivan,christopher.sullivan@ilkestonplas.co.uk,
Jake,Walker,jake.walker@quedgeleyind.co.uk,01306 107804
Amanda,Brown,amanda.brown@tarporleymet.co.uk,
Michael,Brooks,michael.brooks@account138lt.co.uk,
Martin,Murphy,martin.murphy@@maltonfoods.co.uk,+44 7980 512900
Darren,Allen,darren.allen@winsfordchem.co.uk,07959256080
Rachel,Singh,rachel.singh@account219lt.co.uk,07884892269
Fatima,Kelly,fatima.kelly@@account150lt.co.uk,+44 7799 900011
Fatima,Ross,fatima.ross@account152lt.co.uk,+44 7987 462072
Owen,Baker,owen.baker@account161lt.co.uk,0800 463 7219
Victoria,Scott,victoria.scott@account148lt.co.uk,01369 252846
Alison,Bryant,alison.bryant@xtremetoolin.co.uk,07757615711
Wendy,James,wendy.james@account127lt.co.uk,07765817555
Patrick,Patel,patrick.patel@@uxbridgetool.co.uk,07937762398
Graham,Walker,graham.walker@account151lt.co.uk,07998125420
Simon,Allen,,07857556333
Lee,Mitchell,lee.mitchell@account149lt.co.uk,+44 7933 286049
Angela,Sharma,angela.sharma@account210lt.co.uk,01894 304915
Nicola,Cooper,nicola.cooper@norwoodchemi.co.uk,
Ryan,Coleman,ryan.coleman@kelvinsideco.co.uk,0800 110 2604
Sharon,Wallace,sharon.wallace@nailsworthce.co.uk,+44 7752 456710
Laura,Watson,laura.watson@account203lt.co.uk,0800 356 6654
Patricia,Evans,patricia.evans@account134lt.co.uk,07833266302
Ahmed,Wright,ahmed.wright@baldockengin.co.uk,0800 130 3690
Scott,Mitchell,scott.mitchell@rawtenstallc.co.uk,0800 594 3832
Christine,Baker,christine.baker@leamingtonru.co.uk,0800 343 7983
Michael,Collins,michael.collins@@langtonautop.co.uk,07892268720
Joanne,Anderson,joanne.anderson@redhillengin.co.uk,
Wendy,Morris,wendy.morris@account130lt.co.uk,+44 7765 117946
Rajesh,Sanders,rajesh.sanders@ilkestonplas.co.uk,0800 172 3935
Owen,Alexander,carol.alexander@valepackagin.co.uk,0800 338 4495
Barbara,Brooks,barbara.brooks@@account141lt.co.uk,07729556784
Meera,Davis,meera.davis@account147lt.co.uk,+44 7788 284654
Rachel,Collins,rachel.collins@eveshamtimbe.co.uk,+44 7855 199161
Lisa,Evans,lisa.evans@account166lt.co.uk,07984997423
Dominic,Harris,dominic.harris@derehamsteel.co.uk,+44 7902 973128
Tracey,Walker,,
Michelle,Edwards,michelle.edwards@account195lt.co.uk,01103 690045
Lisa,Brown,lisa.brown@account188lt.co.uk,01300 633057
Susan,Price,susan.price@quornindustr.co.uk,
Ann,Griffin,ann.griffin@epsomvalves.co.uk,0800 780 1769
Jonathan,Harris,jonathan.harris@penninehardw.co.uk,+44 7980 538459
Sarah,Sanders,sarah.sanders@selbychemica.co.uk,07811717466
Diane,Ford,diane.ford@penninehardw.co.uk,07935364239
Charlotte,Gray,charlotte.gray@calnetextile.co.uk,07773481453
Laura,Martin,laura.martin@yoxallcompon.co.uk,
Matthew,Robinson,matthew.robinson@account198lt.co.uk,
Victoria,Gray,victoria.gray@quintonplast.co.uk,0800 400 4153
Tracey,Peterson,tracey.peterson@account157lt.co.uk,07796998392
Christine,Turner,christine.turner@nailsworthce.co.uk,01868 923856
Rebecca,Morgan,,
Dorothy,Scott,dorothy.scott@wantagelogis.co.uk,01226 154970
Catherine,Evans,catherine.evans@valepackagin.co.uk,0800 312 5968
Louise,Wallace,louise.wallace@quornindustr.co.uk,01585 622659
Michelle,Edwards,michelle.edwards@epsomvalves.co.uk,+44 7727 347996
Patricia,Bennett,patricia.bennett@account195lt.co.uk,07861107104
Amanda,Sullivan,amanda.sullivan@canwicksuppl.co.uk,+44 7769 474745
Ruth,Murphy,ruth.murphy@account206lt.co.uk,
Alan,Flores,alan.flores@account150lt.co.uk,+44 7706 459609
Matthew,Jones,matthew.jones@langtonautop.co.uk,01531 598593
Maria,King,maria.king@shifnalconta.co.uk,01511 444688
Simon,Edwards,simon.edwards@account219lt.co.uk,07924895337
Martin,Wallace,martin.wallace@account191lt.co.uk,01490 548158
Elizabeth,Cooper,elizabeth.cooper@eveshamtimbe.co.uk,+44 7895 867559
Alison,Torres,laura.torres@abingdonfast.co.uk,
Priya,Carter,priya.carter@@wantagelogis.co.uk,
Sandra,Washington,sandra.washington@elsworthmanu.co.uk,0800 982 3424
Michelle,Roberts,,07842247852
Ian,Hamilton,ian.hamilton@uckfieldsupp.co.uk,01283 998397
Tracy,Mitchell,tracy.mitchell@elsworthmanu.co.uk,07808713583
Christopher,Torres,christopher.torres@stanmorefood.co.uk,+44 7739 857830
Graham,Alexander,graham.alexander@verwoodmetal.co.uk,07966245251
Lesley,Patel,,07982264332
Wendy,Brown,wendy.brown@account124lt.co.uk,+44 7884 838862
Dean,Carter,dean.carter@account178lt.co.uk,01871 890109
Carl,Anderson,carl.anderson@tarporleymet.co.uk,
Tracy,Ali,tracy.ali@godalmingpre.co.uk,+44 7911 878656
Victoria,Robinson,victoria.robinson@account187lt.co.uk,07744136901
Tracey,Ford,tracey.ford@alcesterprec.co.uk,+44 7882 515492
Maria,Alexander,maria.alexander@account219lt.co.uk,+44 7722 156652
Joanne,Sharma,joanne.sharma@fultonbearin.co.uk,+44 7931 143822
Craig,Price,craig.price@ilminstercom.co.uk,+44 7707 654527
Adrian,Henderson,adrian.henderson@farndoncompo.co.uk,0800 758 4191
Lee,Cox,lee.cox@account119lt.co.uk,+44 7934 418853
Ravi,Phillips,ravi.phillips@account180lt.co.uk,0800 942 6679
Richard,Alexander,richard.alexander@derehamsteel.co.uk,+44 7827 386886
Sandra,Long,sandra.long@selbychemica.co.uk,0800 740 5934
Ian,Bryant,ian.bryant@@account127lt.co.uk,07914538587
Lisa,Hughes,lisa.hughes@account195lt.co.uk,07747181140
Ann,Griffin,ann.griffin@account150lt.co.uk,0800 805 9020
Hannah,Rahman,hannah.rahman@thatchamelec.co.uk,01420 986304
Nicola,Hughes,,+44 7910 804007
Deborah,Adams,deborah.adams@account226lt.co.uk,01941 702342
Lee,Bailey,lee.bailey@account154lt.co.uk,0800 124 8184
Gillian,Thomas,gillian.thomas@account158lt.co.uk,
Rachel,Smith,rachel.smith@@oldhamindust.co.uk,01228 196216
Graham,Khan,graham.khan@account209lt.co.uk,0800 681 4149
Robert,Bennett,robert.bennett@account192lt.co.uk,
Anthony,Jackson,anthony.jackson@account205lt.co.uk,
Rebecca,Foster,rebecca.foster@valepackagin.co.uk,07964266140
Janet,Wright,janet.wright@account220lt.co.uk,07810464994
Philip,Hamilton,philip.hamilton@account163lt.co.uk,
Scott,Adams,scott.adams@account186lt.co.uk,07708268187
Michael,Sullivan,michael.sullivan@account224lt.co.uk,01475 761104
Meera,Patterson,meera.patterson@ripleychemic.co.uk,01740 197822
Diane,Cox,diane.cox@account225lt.co.uk,+44 7751 480142
Mark,Gray,mark.gray@@account144lt.co.uk,0800 782 6915
Kevin,Asante,kevin.asante@kelvinsideco.co.uk,07904293194
Carl,Jackson,carl.jackson@account123lt.co.uk,07764329964
Laura,Bryant,laura.bryant@account190lt.co.uk,01946 231366
Claire,Cox,claire.cox@account124lt.co.uk,07756743095
Rajesh,Russell,,
Mohammed,Ramirez,mohammed.ramirez@wantagelogis.co.uk,01757 531106
Adam,Morris,adam.morris@gainsborough.co.uk,+44 7756 929389
Maria,Wilson,maria.wilson@account157lt.co.uk,+44 7751 358281
Anthony,Harris,anthony.harris@account155lt.co.uk,
Andrew,Brown,andrew.brown@ventnormarin.co.uk,07835752123
Neil,Griffin,neil.griffin@account125lt.co.uk,07711247083
Victoria,Richardson,victoria.richardson@account218lt.co.uk,+44 7804 464519
Owen,Clarke,owen.clarke@account126lt.co.uk,
Rajesh,Smith,rajesh.smith@verwoodelect.co.uk,01487 468292
Adam,Long,adam.long@account203lt.co.uk,07927144702
Ian,Perry,ian.perry@account221lt.co.uk,01997 927527
Janet,Flores,janet.flores@account192lt.co.uk,
Hannah,Thomas,hannah.thomas@wantagelogis.co.uk,0800 561 7626
David,Flores,david.flores@letchworthme.co.uk,07822365271
Stuart,Hamilton,stuart.hamilton@penninehardw.co.uk,07748684056
Sharon,Woods,sharon.woods@@account215lt.co.uk,01548 247068
Jennifer,Woods,jennifer.woods@account227lt.co.uk,01854 101760
Jacqueline,Cox,jacqueline.cox@jedburghstee.co.uk,01530 367386
Helen,Johnson,helen.johnson@norwoodchemi.co.uk,01649 538738
Dominic,Carter,dominic.carter@kelsowholesa.co.uk,0800 175 9265
Fatima,Morgan,fatima.morgan@ashtonmateri.co.uk,0800 461 7713
Ian,Price,,07838162796
Patrick,Sullivan,patrick.sullivan@stanmorefood.co.uk,+44 7856 275133
Julie,Johnson,julie.johnson@whitbymarine.co.uk,0800 729 1686
Steven,Torres,steven.torres@xtremetoolin.co.uk,0800 304 9021
Deborah,Washington,deborah.washington@norwoodchemi.co.uk,01226 718213
Gareth,Coleman,gareth.coleman@account114lt.co.uk,
Ryan,Myers,ryan.myers@account203lt.co.uk,07806458802
Tracey,Edwards,tracey.edwards@@chatterisrub.co.uk,07901495648
Thomas,Taylor,thomas.taylor@account142lt.co.uk,01825 802571
Emma,Brown,emma.brown@account132lt.co.uk,
Carol,Woods,carol.woods@macclesfield.co.uk,07805964745
Jacqueline,Brooks,jacqueline.brooks@account226lt.co.uk,0800 165 8559
Gary,Stewart,,0800 331 1054
Gareth,Hughes,gareth.hughes@thorntontimb.co.uk,
Patricia,Clarke,patricia.clarke@account114lt.co.uk,07902120191
Gillian,Gonzales,gillian.gonzales@account178lt.co.uk,0800 147 5496
Alan,Wilson,alan.wilson@ormskirkpack.co.uk,01441 457943
Helen,Osei,helen.osei@kelsowholesa.co.uk,07842416778
Steven,Cox,steven.cox@whitbymarine.co.uk,0800 753 3411
Sharon,Myers,michelle.myers@account134lt.co.uk,+44 7962 873267
Graham,Phillips,,0800 363 4377
Mark,Green,mark.green@account194lt.co.uk,01588 267069
Sandra,Singh,sandra.singh@granthamtool.co.uk,07818312281
Emma,Walker,,0800 278 7292
Graham,Woods,graham.woods@account177lt.co.uk,0800 154 2166
Tracy,Sanders,tracy.sanders@account137lt.co.uk,0800 562 4840
Lee,Foster,lee.foster@account135lt.co.uk,07832353063
Richard,Nelson,richard.nelson@hertfordcabl.co.uk,
Peter,Phillips,peter.phillips@account116lt.co.uk,
Carl,Smith,carl.smith@letchworthme.co.uk,
Neil,Singh,neil.singh@account141lt.co.uk,01651 993766
Angela,Sharma,angela.sharma@account161lt.co.uk,07724411762
Mohammed,Griffin,mohammed.griffin@account142lt.co.uk,07887641422
Ravi,James,ravi.james@account141lt.co.uk,0800 882 1517
Elizabeth,Brown,,+44 7714 864472
Jonathan,Robinson,,01752 338989
Andrew,Myers,,0800 188 5930
Laura,Powell,laura.powell@account151lt.co.uk,07921122527
Peter,Woods,,0800 988 3139
Laura,Henderson,laura.henderson@elypackaging.co.uk,0800 580 6431
Mohammed,Taylor,,07761416722
Clare,Wilson,clare.wilson@account180lt.co.uk,0800 756 4010
Angela,Collins,,0800 427 8397
Catherine,Mensah,,
Ravi,Martin,ravi.martin@becclesmanuf.co.uk,
Lisa,Kelly,lisa.kelly@account222lt.co.uk,
Ruth,Cox,ruth.cox@macclesfield.co.uk,01759 159830
Elizabeth,Thomas,elizabeth.thomas@pontefractca.co.uk,
Laura,Price,laura.price@kelsowholesa.co.uk,+44 7978 665892
Paul,Price,paul.price@account139lt.co.uk,0800 217 4204
Rachel,Johnson,rachel.johnson@@account118lt.co.uk,+44 7879 330074
Ryan,Rogers,ryan.rogers@account228lt.co.uk,+44 7874 184365
Graham,Carter,graham.carter@upminsterlog.co.uk,01754 255335
Sarah,Green,,01477 587524
Claire,Perry,claire.perry@account189lt.co.uk,+44 7818 331145
Jason,Baker,jason.baker@uxbridgetool.co.uk,
Jonathan,Ramirez,jonathan.ramirez@tilburyshipp.co.uk,
Lesley,Price,lesley.price@honitonwoodw.co.uk,0800 170 5552
Laura,Martin,,+44 7938 396020
Jake,Ford,jake.ford@account168lt.co.uk,+44 7997 836984
Meera,Sanders,meera.sanders@account136lt.co.uk,07883373477
Owen,Parker,owen.parker@account187lt.co.uk,+44 7846 286650
Gareth,Hughes,gareth.hughes@kelvinsideco.co.uk,+44 7991 235602
Timothy,Myers,timothy.myers@sandwichelec.co.uk,0800 801 6556
Gillian,Johnson,,01186 243885
Charlotte,Foster,charlotte.foster@account226lt.co.uk,
Ahmed,Myers,ahmed.myers@alcesterprec.co.uk,0800 243 4932
Neil,Richardson,neil.richardson@bolsovercont.co.uk,+44 7733 488904
Karen,Patterson,karen.patterson@account154lt.co.uk,0800 377 9570
Jason,King,jason.king@quornindustr.co.uk,0800 617 9109
Janet,Hill,,01505 927477
Tracy,Russell,tracy.russell@account150lt.co.uk,01814 938708
Ruth,Alexander,ruth.alexander@account204lt.co.uk,01166 224249
Mark,Hamilton,mark.hamilton@account227lt.co.uk,01875 570852
Philip,Thomas,philip.thomas@account154lt.co.uk,0800 885 8727
Matthew,Gonzales,matthew.gonzales@account198lt.co.uk,+44 7925 587648
Michelle,Coleman,michelle.coleman@account110lt.co.uk,0800 480 7755
Stephanie,Robinson,stephanie.robinson@account207lt.co.uk,
Fatima,Green,fatima.green@account206lt.co.uk,07894718887
Christopher,Morgan,christopher.morgan@account213lt.co.uk,+44 7720 648171
Keith,Evans,keith.evans@account131lt.co.uk,07971107322
David,Walker,david.walker@thorntontimb.co.uk,0800 545 3618
Simon,Robinson,simon.robinson@account205lt.co.uk,0800 470 8046
Janet,Stewart,janet.stewart@account147lt.co.uk,01716 890478
Matthew,Foster,matthew.foster@account174lt.co.uk,0800 895 2022
Christopher,Osei,christopher.osei@account132lt.co.uk,0800 556 9385
Laura,Campbell,laura.campbell@account117lt.co.uk,+44 7730 888918
Alison,Torres,,07949188984
Simon,Ross,simon.ross@account137lt.co.uk,
Paul,Howard,paul.howard@account174lt.co.uk,+44 7952 742064
Susan,Richardson,susan.richardson@gatwicklogis.co.uk,+44 7919 750338
Charlotte,White,charlotte.white@derehamsteel.co.uk,01793 249792
Scott,Ali,scott.ali@account168lt.co.uk,+44 7774 788108
Charlotte,Thompson,charlotte.thompson@yoxallcompon.co.uk,01889 695048
Adrian,Butler,adrian.butler@zouchplastic.co.uk,
Lisa,Hayes,lisa.hayes@account181lt.co.uk,07888955792
Christine,Watson,,01442 419141
Susan,Wallace,susan.wallace@alcesterprec.co.uk,
Martin,Bell,martin.bell@account182lt.co.uk,07947739278
Adrian,Mitchell,,0800 134 4263
Amanda,Russell,,0800 707 3967
Amanda,Bryant,amanda.bryant@account117lt.co.uk,0800 280 8517
Lisa,Anderson,,07706268698
Richard,Torres,richard.torres@account165lt.co.uk,
Meera,Bailey,meera.bailey@account194lt.co.uk,01922 633447
Ruth,Brooks,,0800 190 5017
Kevin,Kelly,kevin.kelly@quornindustr.co.uk,0800 263 6359
Ahmed,Murphy,ahmed.murphy@account193lt.co.uk,01706 233769
Maria,Mensah,,0800 790 7956
Dominic,Bryant,dominic.bryant@account201lt.co.uk,01184 489906
Ian,Asante,adrian.asante@kendalslate.co.uk,0800 958 8167
Simon,Garcia,simon.garcia@jedburghstee.co.uk,0800 727 3869
Matthew,Long,matthew.long@account172lt.co.uk,+44 7826 923824
Jonathan,Anderson,jonathan.anderson@padstowmarin.co.uk,07840335765
Gillian,Wallace,gillian.wallace@account209lt.co.uk,01455 648410
Scott,Asante,scott.asante@godalmingpre.co.uk,0800 287 7159
Barbara,Wilson,barbara.wilson@baldockengin.co.uk,07787647066
Keith,Simmons,tracey.simmons@account115lt.co.uk,
Lisa,Martin,lisa.martin@valepackagin.co.uk,07950200181
Stuart,Patterson,stuart.patterson@ilminstercom.co.uk,07720577052
Keith,Torres,keith.torres@account131lt.co.uk,+44 7976 813385
Jennifer,Morgan,jennifer.morgan@account174lt.co.uk,01744 878659
Rajesh,Thompson,rajesh.thompson@account174lt.co.uk,
Susan,Stewart,susan.stewart@account226lt.co.uk,+44 7823 566624
Laura,Torres,laura.torres@abingdonfast.co.uk,
Mark,Thompson,rajesh.thompson@account174lt.co.uk,01643 388932
Angela,Turner,angela.turner@verwoodelect.co.uk,07996481276
Patricia,Walker,patricia.walker@rawtenstallc.co.uk,07764879233
Meera,Alexander,meera.alexander@account187lt.co.uk,07948920231
Peter,Morgan,peter.morgan@queensburygl.co.uk,
Maria,Evans,maria.evans@account109lt.co.uk,+44 7702 113457
Rachel,Long,,+44 7981 705407
Jason,Jackson,jason.jackson@nailsworthce.co.uk,
Scott,Thompson,scott.thompson@leamingtonru.co.uk,0800 926 9487
Patricia,Johnson,patricia.johnson@quintonplast.co.uk,07955489438
Nicola,Ramirez,,0800 396 3409
Philip,Rogers,,+44 7713 731147
Thomas,Thomas,thomas.thomas@kendalslate.co.uk,0800 617 3187
Gillian,Stewart,gillian.stewart@derehamsteel.co.uk,+44 7706 343904
Jennifer,Asante,jennifer.asante@whitbymarine.co.uk,
Sean,Young,sean.young@montrosesupp.co.uk,0800 504 9570
Neil,Thomas,neil.thomas@account141lt.co.uk,+44 7849 185916
Karen,Graham,karen.graham@yoxallcompon.co.uk,01282 140698
Amanda,Ramirez,amanda.ramirez@account113lt.co.uk,+44 7938 813999
Ryan,Griffin,ryan.griffin@selbychemica.co.uk,+44 7932 556013
Robert,Butler,robert.butler@alcesterprec.co.uk,+44 7856 571923
Claire,Torres,claire.torres@account199lt.co.uk,01496 808074
Lee,Long,lee.long@liskeardplas.co.uk,01714 228216
Alison,Sanders,alison.sanders@dunmoresteel.co.uk,07896187679
Julie,Richardson,,+44 7986 711248
Samantha,Robinson,samantha.robinson@account150lt.co.uk,+44 7962 879598
Charlotte,Wood,charlotte.wood@quintonplast.co.uk,
Tracy,Johnson,tracy.johnson@thorntontimb.co.uk,0800 301 6840
Christine,Phillips,christine.phillips@farndoncompo.co.uk,+44 7851 959222
Tracey,Simmons,tracey.simmons@account115lt.co.uk,0800 433 5525
Owen,Cooper,owen.cooper@account158lt.co.uk,01729 928865
Donna,Wood,donna.wood@xcelcomponen.co.uk,0800 483 7192
Ruth,Torres,ruth.torres@account228lt.co.uk,01306 197102
Ryan,Graham,ryan.graham@account178lt.co.uk,
Louise,Howard,louise.howard@padstowmarin.co.uk,01141 869969
Louise,Scott,louise.scott@ripleychemic.co.uk,
Gary,Green,gary.green@account154lt.co.uk,07936728180
Rebecca,Washington,rebecca.washington@nailsworthce.co.uk,0800 370 3929
Priya,Cooper,priya.cooper@account130lt.co.uk,+44 7747 522419
Amanda,Gonzales,amanda.gonzales@daventrypoly.co.uk,0800 367 5159
Laura,Davis,laura.davis@account140lt.co.uk,+44 7806 953536
Neil,Evans,neil.evans@account197lt.co.uk,01476 875952
Gareth,Foster,,0800 596 4065
Catherine,Jackson,catherine.jackson@account147lt.co.uk,
James,Butler,james.butler@account229lt.co.uk,+44 7990 267234
Elizabeth,Hamilton,elizabeth.hamilton@account183lt.co.uk,01680 758285
Mohammed,Miller,mohammed.miller@account230lt.co.uk,07823153223
Samantha,Torres,samantha.torres@account155lt.co.uk,+44 7981 846169
Simon,Stewart,,0800 669 9011
Michael,Anderson,michael.anderson@ilminstercom.co.uk,07867508253
Simon,Gonzales,,07701698673
Mark,Coleman,mark.coleman@corshampreci.co.uk,07917809920
Owen,Campbell,owen.campbell@account169lt.co.uk,01661 901087
Lee,Hughes,lee.hughes@renfrewmanuf.co.uk,0800 245 6852
Lesley,Bell,lesley.bell@account159lt.co.uk,07838213666
Patricia,Foster,,01855 862540
Darren,Collins,,+44 7898 872519
Samantha,Collins,samantha.collins@account134lt.co.uk,01172 426503
Ian,Asante,ian.asante@thorntontimb.co.uk,+44 7974 514739
Wendy,Khan,wendy.khan@@frodshamcast.co.uk,+44 7908 328596
Christine,Brown,christine.brown@account189lt.co.uk,0800 620 2686
Patrick,Edwards,patrick.edwards@fultonbearin.co.uk,0800 719 5116
Julie,Graham,julie.graham@account131lt.co.uk,+44 7768 515494
Stephanie,Rogers,stephanie.rogers@bramleypacka.co.uk,+44 7882 594281
Stuart,Mensah,stuart.mensah@account145lt.co.uk,07923865416
Nicola,Ramirez,jason.ramirez@tarporleymet.co.uk,0800 223 7792
Dean,Murphy,dean.murphy@account228lt.co.uk,07816122484
Deborah,Powell,deborah.powell@ormskirkpack.co.uk,+44 7800 617899
Charlotte,Woods,charlotte.woods@@account182lt.co.uk,07841785511
Rachel,Nelson,rachel.nelson@account140lt.co.uk,07900726882
Matthew,Wood,matthew.wood@account139lt.co.uk,01273 806765
Dominic,Miller,dominic.miller@bolsovercont.co.uk,
Peter,Rogers,peter.rogers@account227lt.co.uk,01854 309365
Helen,Woods,helen.woods@account182lt.co.uk,+44 7958 776968
Carl,Flores,carl.flores@kendalslate.co.uk,+44 7944 240600
Sandra,Wilson,sandra.wilson@ilkestonplas.co.uk,0800 728 2740
William,Hill,william.hill@rawtenstallc.co.uk,01744 897872
Andrew,Johnson,andrew.johnson@quintonplast.co.uk,
Nicola,Russell,nicola.russell@leamingtonru.co.uk,+44 7995 685701
Fatima,Richardson,fatima.richardson@baldockengin.co.uk,01238 604283
Lee,Bell,lee.bell@thorntontimb.co.uk,+44 7919 452898
Ian,James,ian.james@abingdonfast.co.uk,01130 501320
Wendy,Wood,,07756330246
Lesley,Roberts,lesley.roberts@penninehardw.co.uk,01308 533301
Adam,Bell,adam.bell@ilkestonplas.co.uk,01506 100205
Ahmed,Gray,ahmed.gray@bolsovercont.co.uk,01849 606990
Adrian,Peterson,adrian.peterson@tilburyshipp.co.uk,
Martin,Wilson,martin.wilson@quornindustr.co.uk,07762593002
Stuart,Gonzales,stuart.gonzales@thorntontimb.co.uk,+44 7969 371818
Lesley,Bell,lesley.bell@@hexhampartsl.co.uk,07972192296
Dean,Sharma,dean.sharma@account222lt.co.uk,07862531204
Matthew,Bryant,matthew.bryant@daltonfreigh.co.uk,07776901489
Neil,Rahman,neil.rahman@padstowmarin.co.uk,+44 7750 988955
Lesley,Bailey,lesley.bailey@fairhavencom.co.uk,+44 7787 129959
Joanne,Singh,joanne.singh@quornindustr.co.uk,0800 562 4519
Ravi,Graham,ravi.graham@harwooddistr.co.uk,0800 113 2656
Wendy,Hamilton,wendy.hamilton@account178lt.co.uk,+44 7708 602811
Jonathan,Bailey,jonathan.bailey@gatwicklogis.co.uk,+44 7923 927942
Rajesh,Barnes,rajesh.barnes@account198lt.co.uk,01656 663123
Matthew,Jackson,,01754 610866
Angela,Richardson,angela.richardson@leamingtonru.co.uk,+44 7853 100370
Jacqueline,Garcia,jacqueline.garcia@account124lt.co.uk,07837877093
Anthony,Morris,anthony.morris@gatwicklogis.co.uk,0800 751 8023
Susan,Ramirez,susan.ramirez@renfrewmanuf.co.uk,+44 7973 123205
David,Watson,,0800 571 3361
Susan,White,susan.white@whitbymarine.co.uk,07832955316
Meera,Wallace,meera.wallace@yoxallcompon.co.uk,07991725163
Rachel,Scott,rachel.scott@account203lt.co.uk,07748649314
Samantha,Coleman,samantha.coleman@oswestryplas.co.uk,+44 7988 556106
Nicola,Patterson,nicola.patterson@upminsterlog.co.uk,01632 124583
John,Khan,john.khan@hexhampartsl.co.uk,07768299673
Owen,Griffin,owen.griffin@alcesterprec.co.uk,0800 165 5388
Alison,Khan,alison.khan@wantagelogis.co.uk,
Craig,Torres,,07705764678
Helen,Brown,helen.brown@ilkestonplas.co.uk,+44 7979 946652
Andrew,Roberts,andrew.roberts@account139lt.co.uk,07871901883
Dominic,Diaz,dominic.diaz@leamingtonru.co.uk,01975 588715
Andrew,Jones,andrew.jones@quornindustr.co.uk,
Tracey,Thomas,,
Hannah,Foster,hannah.foster@@alcesterprec.co.uk,0800 872 7471
Anthony,Diaz,anthony.diaz@canwicksuppl.co.uk,01128 686058
Laura,Mensah,laura.mensah@account115lt.co.uk,+44 7941 214699
Diane,Rogers,diane.rogers@account144lt.co.uk,07900860939
Angela,Henderson,angela.henderson@account169lt.co.uk,0800 333 3661
Mohammed,Allen,mohammed.allen@account145lt.co.uk,0800 831 4335
Dorothy,Richardson,dorothy.richardson@letchworthme.co.uk,07805564919
Anthony,Peterson,anthony.peterson@account198lt.co.uk,+44 7929 666091
Neil,Lewis,neil.lewis@account118lt.co.uk,
Hannah,Edwards,hannah.edwards@calnetextile.co.uk,0800 849 2003
Keith,Garcia,keith.garcia@account192lt.co.uk,0800 284 9464
Mohammed,Turner,,0800 764 8430
Fatima,Parker,fatima.parker@maltonfoods.co.uk,
Alison,Henderson,alison.henderson@account129lt.co.uk,0800 906 1701
Dominic,Adams,dominic.adams@leamingtonru.co.uk,01523 256976
Amanda,Watson,amanda.watson@account160lt.co.uk,0800 737 3247
Fatima,Asante,fatima.asante@account110lt.co.uk,+44 7981 578482
Jake,Kelly,jake.kelly@account160lt.co.uk,01412 877947
Helen,Alexander,helen.alexander@account164lt.co.uk,07761190582
Ahmed,Singh,ahmed.singh@account122lt.co.uk,
Sandra,Thompson,rajesh.thompson@account174lt.co.uk,0800 578 1835
Mohammed,Bailey,,
Catherine,Johnson,catherine.johnson@account148lt.co.uk,+44 7956 311511
Rebecca,Perry,rebecca.perry@wantagelogis.co.uk,+44 7837 346645
Sarah,Bennett,,0800 628 8679
Martin,Parker,martin.parker@account226lt.co.uk,01775 312429
John,Watson,john.watson@account154lt.co.uk,+44 7700 426558
Martin,Campbell,martin.campbell@derehamsteel.co.uk,
Thomas,Gonzales,thomas.gonzales@account163lt.co.uk,07999829928
Simon,Patterson,,0800 463 7897
Ravi,Ford,ravi.ford@oakfieldtext.co.uk,0800 101 1722
Samantha,Graham,samantha.graham@derehamsteel.co.uk,01266 252895
Elizabeth,White,elizabeth.white@jarvisbuildi.co.uk,07989494078
Rajesh,Woods,rajesh.woods@honitonwoodw.co.uk,01389 862008
Clare,Cook,clare.cook@account156lt.co.uk,01998 757343
Kevin,Taylor,kevin.taylor@account209lt.co.uk,07736263833
Rachel,Williams,rachel.williams@gainsborough.co.uk,07796172827
Elizabeth,Carter,elizabeth.carter@account155lt.co.uk,+44 7705 870327
Deborah,Patel,deborah.patel@account194lt.co.uk,07818578938
Sandra,Clarke,sandra.clarke@account122lt.co.uk,01922 928404
Lisa,Hamilton,lisa.hamilton@account178lt.co.uk,07741532686
James,Washington,james.washington@honitonwoodw.co.uk,+44 7772 911982
Angela,Hamilton,angela.hamilton@ilkestonplas.co.uk,0800 258 4507
Claire,Mensah,claire.mensah@account204lt.co.uk,
Sean,Henderson,,
Alison,Lewis,alison.lewis@account114lt.co.uk,0800 620 9264
Christine,Brown,christine.brown@account172lt.co.uk,+44 7955 290617
Richard,Murphy,,07874499060
Elizabeth,Sullivan,james.sullivan@oswestryplas.co.uk,+44 7928 546597
Wendy,Ali,wendy.ali@fakenhamglas.co.uk,01483 266461
Jennifer,Flores,jennifer.flores@ilkestonplas.co.uk,01695 847467
Mark,Price,mark.price@bolsovercont.co.uk,+44 7813 913602
Maria,Sullivan,maria.sullivan@account201lt.co.uk,07996333210
Clare,Ross,clare.ross@account175lt.co.uk,+44 7860 209898
Adrian,Asante,adrian.asante@kendalslate.co.uk,
Carol,Hill,carol.hill@@account140lt.co.uk,0800 668 2599
Barbara,Long,barbara.long@corshampreci.co.uk,07723615346
Helen,Mitchell,helen.mitchell@account228lt.co.uk,07763731024
David,Thomas,thomas.thomas@kendalslate.co.uk,07975628114
Helen,Myers,helen.myers@account138lt.co.uk,01882 537994
Jennifer,Anderson,jennifer.anderson@account169lt.co.uk,+44 7956 659102
Paul,Graham,paul.graham@ilkestonplas.co.uk,0800 768 2298
William,Kelly,william.kelly@@zouchplastic.co.uk,+44 7808 259651
Simon,Hamilton,simon.hamilton@zenithdistri.co.uk,01749 160831
Dean,Long,dean.long@derehamsteel.co.uk,
Sean,Graham,sean.graham@account167lt.co.uk,
William,Sharma,william.sharma@account141lt.co.uk,0800 610 9501
Michael,Robinson,michael.robinson@account153lt.co.uk,01274 699982
Patrick,Washington,patrick.washington@account217lt.co.uk,+44 7910 562094
Barbara,Graham,ryan.graham@account178lt.co.uk,
Gillian,Allen,gillian.allen@kendalslate.co.uk,0800 571 2003
Peter,Murphy,peter.murphy@account114lt.co.uk,+44 7769 497315
Claire,Sharma,claire.sharma@account152lt.co.uk,0800 186 8697
Gareth,Wilson,gareth.wilson@account124lt.co.uk,07992342163
Michael,Washington,michael.washington@account143lt.co.uk,01189 393366
Jason,Ramirez,jason.ramirez@tarporleymet.co.uk,
Karen,Parker,karen.parker@ripleychemic.co.uk,
Owen,Collins,owen.collins@account205lt.co.uk,07911531228
Neil,White,neil.white@account192lt.co.uk,07826185992
Alison,Adams,,
Kevin,Graham,kevin.graham@account136lt.co.uk,0800 271 8602
Carol,Hamilton,carol.hamilton@account194lt.co.uk,+44 7819 334410
James,Simmons,james.simmons@account162lt.co.uk,07981376864
Deborah,Perry,deborah.perry@shifnalconta.co.uk,0800 167 4589
Lee,Bell,,01799 362732
Stuart,Graham,stuart.graham@leamingtonru.co.uk,07925549407
Timothy,Martin,timothy.martin@quedgeleyind.co.uk,
Tracey,Mensah,tracey.mensah@verwoodelect.co.uk,01874 586449
Brian,Lewis,brian.lewis@canwicksuppl.co.uk,0800 471 7760
Dominic,Howard,dominic.howard@yoxallcompon.co.uk,01882 545486
Charlotte,Thomas,charlotte.thomas@account120lt.co.uk,01534 604667
Paul,Torres,paul.torres@corshampreci.co.uk,
Lesley,Torres,lesley.torres@baldockengin.co.uk,0800 448 4411
William,Diaz,william.diaz@account176lt.co.uk,01662 646230
Mark,Henderson,,+44 7966 107543
Keith,Coleman,keith.coleman@rawtenstallc.co.uk,01675 316899
Alison,Gray,alison.gray@account145lt.co.uk,0800 108 9362
Christine,Wood,christine.wood@account122lt.co.uk,
Angela,Foster,angela.foster@alcesterprec.co.uk,07787678588
Ann,Barnes,ann.barnes@account112lt.co.uk,0800 303 6722
Michelle,Butler,,0800 891 8433
Simon,Alexander,simon.alexander@@account172lt.co.uk,07722351338
Adam,Cooper,,07921535878
Priya,Taylor,priya.taylor@redhillengin.co.uk,
Dorothy,Roberts,dorothy.roberts@fairhavencom.co.uk,01901 949296
Philip,Rogers,philip.rogers@account111lt.co.uk,07957437226
Tracey,Cox,tracey.cox@account224lt.co.uk,01660 349468
Diane,Hayes,,+44 7916 695642
Ahmed,Patel,ahmed.patel@whitbymarine.co.uk,
Darren,Morris,,01977 827967
Jason,Lewis,jason.lewis@account150lt.co.uk,+44 7950 102187
Helen,Flores,helen.flores@account121lt.co.uk,0800 336 7504
Jacqueline,Morgan,jacqueline.morgan@winsfordchem.co.uk,+44 7971 134303
Carol,Singh,carol.singh@langtonautop.co.uk,01271 299380
Jason,Mensah,jason.mensah@pontefractca.co.uk,+44 7916 601554
Thomas,Collins,thomas.collins@ilkestonplas.co.uk,+44 7851 869046
Victoria,Jenkins,victoria.jenkins@account125lt.co.uk,07723907503
Karen,Woods,stephanie.woods@account153lt.co.uk,01623 623957
Lesley,Hughes,lesley.hughes@account179lt.co.uk,01858 713015
Ann,Long,ann.long@account198lt.co.uk,07782158130
Keith,Coleman,keith.coleman@@account162lt.co.uk,
Sharon,Adams,sharon.adams@ashtonmateri.co.uk,01860 803950
Julie,Clarke,julie.clarke@account226lt.co.uk,07803318742
Stephen,Mensah,,01368 853754
Martin,Bailey,martin.bailey@wantagelogis.co.uk,
Gareth,Woods,sean.woods@xcelcomponen.co.uk,07734933726
Jason,Watson,jason.watson@account174lt.co.uk,+44 7821 151685
Richard,Evans,richard.evans@keighleymeta.co.uk,07849236017
Barbara,Alexander,,
Ann,Anderson,ann.anderson@derehamsteel.co.uk,+44 7754 354763
Sharon,Davis,sharon.davis@granthamtool.co.uk,+44 7774 254569
Deborah,Thompson,deborah.thompson@account174lt.co.uk,+44 7746 153430
Alison,Ramirez,alison.ramirez@account128lt.co.uk,07871233391
Gareth,Mitchell,gareth.mitchell@pershoreglas.co.uk,07727961545
Rajesh,Roberts,rajesh.roberts@@account174lt.co.uk,
Karen,Russell,karen.russell@baldockengin.co.uk,0800 291 4219
Lisa,Edwards,lisa.edwards@account109lt.co.uk,+44 7951 113597
Adam,Myers,,+44 7741 678211
Michael,Hughes,michael.hughes@valepackagin.co.uk,+44 7726 788201
Wendy,Morgan,wendy.morgan@account188lt.co.uk,
Jason,Johnson,,01806 333805
Lisa,James,lisa.james@account129lt.co.uk,01114 974468
Stephen,Powell,stephen.powell@account183lt.co.uk,07831151470
Graham,Bell,graham.bell@@zealpackagin.co.uk,0800 423 2944
Ann,Cox,,0800 574 5501
Jonathan,Harris,jonathan.harris@derehamsteel.co.uk,0800 304 2441
Carol,Alexander,carol.alexander@valepackagin.co.uk,0800 419 6395
Peter,Griffin,peter.griffin@account228lt.co.uk,
Steven,Jackson,steven.jackson@account148lt.co.uk,0800 669 9788
William,Young,william.young@zenithdistri.co.uk,
Mark,Flores,mark.flores@tarporleymet.co.uk,+44 7854 755106
Angela,Lewis,angela.lewis@account123lt.co.uk,+44 7732 764721
Stephanie,Woods,,07822618927
Claire,Turner,claire.turner@gainsborough.co.uk,
Susan,Bennett,susan.bennett@zenithdistri.co.uk,01173 477735
Patricia,Price,patricia.price@tarporleymet.co.uk,01129 271993
James,Wright,james.wright@account175lt.co.uk,+44 7780 170015
Angela,Thomas,angela.thomas@stanmorefood.co.uk,+44 7746 219710
Mohammed,Coleman,mohammed.coleman@quornindustr.co.uk,07746612737
Lisa,Hughes,lisa.hughes@elsworthmanu.co.uk,01322 956721
Sharon,Simmons,sharon.simmons@account163lt.co.uk,07828689444
Graham,Edwards,graham.edwards@account132lt.co.uk,+44 7861 140220
Wendy,Brooks,wendy.brooks@account200lt.co.uk,01194 376626
Paul,Clarke,paul.clarke@pershoreglas.co.uk,0800 698 3979
Jason,Taylor,jason.taylor@account177lt.co.uk,07930947825
Jake,Morris,jake.morris@account112lt.co.uk,+44 7886 935298
Gareth,Bell,lesley.bell@@hexhampartsl.co.uk,+44 7957 701746
Richard,Jones,,+44 7921 854124
Andrew,Hill,andrew.hill@gainsborough.co.uk,01819 690590
Owen,Evans,owen.evans@account164lt.co.uk,+44 7910 730025
Gareth,Asante,gareth.asante@zouchplastic.co.uk,01256 390946
Mark,Washington,mark.washington@meridianmeta.co.uk,07722335351
James,Sullivan,james.sullivan@oswestryplas.co.uk,01164 934328
Tracey,Torres,tracey.torres@alcesterprec.co.uk,
Rebecca,Murphy,rebecca.murphy@nailsworthce.co.uk,07903832964
Matthew,Barnes,,01816 845959
Martin,Washington,martin.washington@kendalslate.co.uk,0800 838 2398
Jake,Rogers,jake.rogers@uttoxeterfor.co.uk,07887918107
Scott,Lewis,scott.lewis@account170lt.co.uk,01266 207392
Ahmed,Jackson,ahmed.jackson@account159lt.co.uk,07879672223
Lee,Griffin,lee.griffin@leamingtonru.co.uk,0800 680 4532
Michelle,Asante,michelle.asante@selbychemica.co.uk,07809818699
Joanne,Wallace,joanne.wallace@account223lt.co.uk,07872131415
Darren,Henderson,darren.henderson@oldhamindust.co.uk,+44 7847 625772
Alison,Cooper,alison.cooper@shifnalconta.co.uk,
Gareth,Green,,+44 7995 978721
Meera,Wood,meera.wood@emsworthlogi.co.uk,0800 469 7399
Claire,Wood,claire.wood@verwoodmetal.co.uk,+44 7752 837920
Jacqueline,Jenkins,jacqueline.jenkins@@fairhavencom.co.uk,
Stephen,Cox,stephen.cox@derehamsteel.co.uk,+44 7893 230738
Victoria,Harris,victoria.harris@account129lt.co.uk,01635 311469
Maria,Butler,maria.butler@account210lt.co.uk,01390 683469
Susan,Diaz,susan.diaz@account201lt.co.uk,0800 250 7618
Karen,Cook,karen.cook@account191lt.co.uk,
Sandra,Cooper,priya.cooper@account130lt.co.uk,07978905592
Thomas,Gray,thomas.gray@@account194lt.co.uk,+44 7946 556481
Priya,Robinson,priya.robinson@yeovilrubber.co.uk,0800 464 1852
Mohammed,Jones,mohammed.jones@macclesfield.co.uk,
Alison,Morgan,,
Amanda,Hayes,amanda.hayes@thorntontimb.co.uk,0800 792 3402
Tracey,Griffin,tracey.griffin@tarporleymet.co.uk,01396 395932
Neil,Campbell,neil.campbell@account172lt.co.uk,0800 406 8703
Patricia,Wright,patricia.wright@account182lt.co.uk,01730 534773
Laura,Sanders,laura.sanders@uxbridgetool.co.uk,07762513316
Graham,Collins,graham.collins@frodshamcast.co.uk,0800 196 1618
Diane,Gray,,
Jacqueline,Roberts,,
Wendy,Edwards,wendy.edwards@@account201lt.co.uk,07964809589
Samantha,Roberts,samantha.roberts@account210lt.co.uk,
Paul,Sharma,paul.sharma@account121lt.co.uk,+44 7973 295881
Mohammed,Ali,mohammed.ali@account172lt.co.uk,07815564032
David,Gray,david.gray@granthamtool.co.uk,0800 484 5856
James,Taylor,james.taylor@account181lt.co.uk,0800 810 3165
Amanda,Hill,amanda.hill@account115lt.co.uk,07942715388
Priya,Turner,priya.turner@account113lt.co.uk,0800 521 9548
Matthew,Davis,matthew.davis@bolsovercont.co.uk,01300 310105
Steven,Henderson,steven.henderson@account166lt.co.uk,
Simon,Hughes,simon.hughes@account131lt.co.uk,0800 527 1287
Sharon,Phillips,sharon.phillips@account136lt.co.uk,+44 7833 889256
Stephen,Mensah,stephen.mensah@ventnormarin.co.uk,+44 7853 739135
Christine,Asante,christine.asante@account163lt.co.uk,01239 660509
Simon,Wilson,,
Rebecca,Baker,rebecca.baker@account203lt.co.uk,07909638214
Philip,Cooper,philip.cooper@honitonwoodw.co.uk,01366 278117
Jonathan,Peterson,jonathan.peterson@account166lt.co.uk,0800 801 2067
Ryan,Rahman,,07892967661
Mohammed,Graham,mohammed.graham@account162lt.co.uk,+44 7924 471197
Carl,Mitchell,carl.mitchell@account176lt.co.uk,+44 7822 693509
Ryan,Powell,ryan.powell@macclesfield.co.uk,01387 981578
Christopher,Walker,christopher.walker@account170lt.co.uk,+44 7817 375623
Diane,Wilson,diane.wilson@rawtenstallc.co.uk,01661 593091
Ryan,Long,ryan.long@yateleycompo.co.uk,
William,Woods,,07994206900
Catherine,Washington,deborah.washington@norwoodchemi.co.uk,0800 354 5338
Michelle,Price,michelle.price@@account182lt.co.uk,07936499670
Claire,Coleman,claire.coleman@account182lt.co.uk,01194 442220
Anthony,Turner,anthony.turner@account180lt.co.uk,01983 480805
Stuart,Cook,stuart.cook@account149lt.co.uk,07924788159
Hannah,Diaz,hannah.diaz@account115lt.co.uk,0800 407 9173
Elizabeth,Hayes,elizabeth.hayes@account174lt.co.uk,
Ian,Phillips,christine.phillips@farndoncompo.co.uk,07711273616
Ann,Thomas,ann.thomas@keighleymeta.co.uk,01261 276728
Karen,Myers,karen.myers@wantagelogis.co.uk,0800 364 6954
Angela,Khan,angela.khan@account208lt.co.uk,+44 7809 901351
Dean,Miller,,01447 347565
Laura,Brown,laura.brown@@account222lt.co.uk,0800 502 5601
Alison,Griffin,alison.griffin@verwoodmetal.co.uk,01312 396177
Priya,Ford,priya.ford@rawtenstallc.co.uk,0800 400 3320
Sharon,Myers,sharon.myers@newburypacka.co.uk,0800 695 2208
Priya,White,priya.white@account130lt.co.uk,+44 7988 214240
Anita,Thompson,anita.thompson@baldockengin.co.uk,0800 166 4239
Janet,Mensah,janet.mensah@calnetextile.co.uk,07861843312
Carol,Washington,carol.washington@@account128lt.co.uk,
Brian,White,brian.white@daltonfreigh.co.uk,07756146266
Karen,Henderson,karen.henderson@account166lt.co.uk,07748576773
Christine,Hill,,07994104872
Steven,White,,01291 308665
James,Perry,james.perry@abingdonfast.co.uk,0800 464 1096
Stuart,Alexander,stuart.alexander@goolecontain.co.uk,
Ahmed,White,ahmed.white@ilminstercom.co.uk,+44 7785 760525
Joanne,Turner,joanne.turner@keighleymeta.co.uk,07921181918
Adam,Henderson,adam.henderson@ashtonmateri.co.uk,07737117500
Matthew,Mitchell,matthew.mitchell@account225lt.co.uk,+44 7704 169832
Jason,Simmons,jason.simmons@@account135lt.co.uk,
Laura,Osei,laura.osei@account222lt.co.uk,0800 323 1145
Steven,Lewis,steven.lewis@account190lt.co.uk,0800 574 3136
Christopher,Diaz,christopher.diaz@account144lt.co.uk,0800 215 7268
Fatima,Edwards,fatima.edwards@account154lt.co.uk,
Maria,Hughes,maria.hughes@account141lt.co.uk,01449 192996
Rebecca,Lewis,rebecca.lewis@account188lt.co.uk,+44 7943 794037
Martin,Bennett,martin.bennett@account219lt.co.uk,07843468075
John,Barnes,john.barnes@verwoodelect.co.uk,0800 162 4116
Donna,Collins,donna.collins@dunmoresteel.co.uk,+44 7929 177946
Samantha,Wright,samantha.wright@imminghamfre.co.uk,+44 7927 646196
Lisa,Green,lisa.green@account172lt.co.uk,+44 7884 586308
David,Davis,,0800 901 5575
Tracey,Richardson,tracey.richardson@goolecontain.co.uk,01597 687019
Barbara,Patel,barbara.patel@wantagelogis.co.uk,
Peter,Bryant,peter.bryant@account183lt.co.uk,+44 7722 170601
Louise,Wood,,01912 482003
Nicola,Graham,nicola.graham@account121lt.co.uk,07845289430
Victoria,Sharma,,+44 7988 917411
Priya,Coleman,,07840445200
Julie,Turner,julie.turner@@account176lt.co.uk,+44 7785 670123
Carl,Young,carl.young@yoxallcompon.co.uk,+44 7925 546070
Philip,Torres,,07888468877
Darren,Osei,darren.osei@account162lt.co.uk,01141 638277
Barbara,Wallace,barbara.wallace@account118lt.co.uk,+44 7839 398505
Richard,Graham,richard.graham@jarrowbearin.co.uk,01573 142759
Catherine,Torres,catherine.torres@account194lt.co.uk,+44 7795 321321
Gillian,Bell,lesley.bell@@hexhampartsl.co.uk,01750 152455
Sharon,Mensah,sharon.mensah@account115lt.co.uk,01732 535029
Lisa,Mitchell,lisa.mitchell@nantwichcera.co.uk,+44 7964 705203
Peter,Robinson,dean.robinson@uckfieldsupp.co.uk,0800 209 8540
Elizabeth,Thompson,elizabeth.thompson@account125lt.co.uk,01951 871073
Stephen,Long,sandra.long@selbychemica.co.uk,0800 965 2035
Carol,Thompson,carol.thompson@account214lt.co.uk,0800 227 3588
Angela,Morgan,angela.morgan@@bolsovercont.co.uk,+44 7909 407729
Claire,Howard,claire.howard@jedburghstee.co.uk,01348 315815
Ruth,Hughes,ruth.hughes@whitbymarine.co.uk,01755 440930
Fatima,Graham,fatima.graham@pershoreglas.co.uk,07782692887
Janet,Griffin,janet.griffin@hexhamparts.co.uk,0800 806 6051
Simon,Osei,simon.osei@stanmorefood.co.uk,
Stuart,Alexander,,0800 446 4281
Richard,Patterson,richard.patterson@account199lt.co.uk,01854 745804
Nicola,Griffin,nicola.griffin@account191lt.co.uk,01596 753959
Ian,James,ian.james@account216lt.co.uk,01721 185955
Neil,Roberts,neil.roberts@macclesfield.co.uk,+44 7917 320759
Jason,Rogers,jason.rogers@account142lt.co.uk,0800 620 2834
Karen,Rogers,karen.rogers@goolecontain.co.uk,+44 7998 968487
Lesley,Jenkins,,01472 670873
Michael,Foster,michael.foster@account138lt.co.uk,0800 731 7276
Patrick,Cooper,patrick.cooper@nantwichcera.co.uk,07976569009
Fatima,Ward,fatima.ward@account123lt.co.uk,01723 144413
Ahmed,Nelson,ahmed.nelson@winsfordchem.co.uk,07971555851
Carl,Murphy,carl.murphy@liskeardplas.co.uk,07751869946
Lesley,Walker,lesley.walker@@queensburygl.co.uk,
Dorothy,Washington,dorothy.washington@queensburygl.co.uk,
Keith,Hughes,keith.hughes@nantwichcera.co.uk,+44 7851 299193
Dominic,White,dominic.white@account187lt.co.uk,01100 932143
Craig,Flores,craig.flores@account110lt.co.uk,07810894036
Richard,Sharma,richard.sharma@@oswestryplas.co.uk,01454 580995
Brian,James,brian.james@account111lt.co.uk,
Patricia,Edwards,patricia.edwards@zealpackagin.co.uk,01175 593869
Priya,Thompson,priya.thompson@thatchamelec.co.uk,07944501936
Carl,Thompson,carl.thompson@quintonplast.co.uk,0800 557 7062
Paul,Powell,paul.powell@montrosesupp.co.uk,01967 459971
Christine,Long,christine.long@account228lt.co.uk,01432 785055
Joanne,Turner,joanne.turner@fultonbearin.co.uk,
Maria,Gonzales,maria.gonzales@letchworthme.co.uk,01390 380608
Julie,Butler,julie.butler@@uckfieldsupp.co.uk,0800 955 7319
Diane,Patel,,0800 319 9328
Paul,Griffin,paul.griffin@account119lt.co.uk,
Gillian,Russell,gillian.russell@fakenhamglas.co.uk,0800 635 7858
Martin,Ford,martin.ford@quornindustr.co.uk,+44 7912 963559
Ruth,Price,ruth.price@hexhampartsl.co.uk,0800 116 6250
Ravi,Walker,ravi.walker@account176lt.co.uk,0800 525 8369
John,Patterson,,01279 682813
Stephen,Myers,stephen.myers@verwoodelect.co.uk,+44 7856 873644
Deborah,Ford,deborah.ford@@oswestryplas.co.uk,+44 7883 295617
Philip,Watson,philip.watson@montrosesupp.co.uk,+44 7711 507759
Lisa,King,lisa.king@account165lt.co.uk,07779742978
Owen,Green,owen.green@account178lt.co.uk,01804 166341
Joanne,Russell,joanne.russell@whitbymarine.co.uk,01400 202344
Karen,Hayes,karen.hayes@account207lt.co.uk,0800 729 9132
Graham,Powell,graham.powell@account223lt.co.uk,+44 7986 570253
Mohammed,Brown,mohammed.brown@account109lt.co.uk,07885456359
Charlotte,Osei,charlotte.osei@zenithdistri.co.uk,07928112581
Adrian,Hayes,adrian.hayes@account147lt.co.uk,+44 7818 935471
Janet,Harris,janet.harris@wantagelogis.co.uk,+44 7811 538493
Simon,Myers,simon.myers@ilkestonplas.co.uk,
Lee,Garcia,lee.garcia@tarporleymet.co.uk,+44 7994 202463
Meera,Phillips,meera.phillips@uttoxeterfor.co.uk,
Neil,Brown,neil.brown@@account120lt.co.uk,+44 7851 232434
Stephen,Cooper,,+44 7845 245349
Simon,Wood,simon.wood@verwoodmetal.co.uk,0800 446 6157
Dorothy,Asante,dorothy.asante@renfrewmanuf.co.uk,01587 799061
Karen,James,karen.james@@xtremetoolin.co.uk,01705 757063
Keith,Diaz,keith.diaz@dunmoresteel.co.uk,0800 423 1084
Mark,Butler,,01587 627054
Janet,Butler,janet.butler@account222lt.co.uk,07704220294
Rajesh,Hughes,michael.hughes@valepackagin.co.uk,0800 703 5876
Sandra,Wright,sandra.wright@wantagelogis.co.uk,0800 510 2781
Ryan,Osei,ryan.osei@biggleswadet.co.uk,
Gary,Thomas,gary.thomas@account136lt.co.uk,
Janet,Campbell,janet.campbell@ripleychemic.co.uk,+44 7948 144339
Diane,Scott,diane.scott@wantagelogis.co.uk,+44 7839 919240
Ian,Howard,ian.howard@account174lt.co.uk,
Priya,Sullivan,priya.sullivan@account191lt.co.uk,01968 311697
Gareth,Osei,gareth.osei@account206lt.co.uk,01590 198242
Amanda,Howard,amanda.howard@account205lt.co.uk,+44 7707 274872
Ian,Walker,ian.walker@account163lt.co.uk,
Ryan,Wallace,ryan.wallace@account145lt.co.uk,0800 211 2956
Patrick,James,patrick.james@account206lt.co.uk,07976352603
Stuart,Bailey,stuart.bailey@zennormining.co.uk,01719 983101
Priya,Wilson,priya.wilson@account221lt.co.uk,+44 7957 904037
Jason,Gonzales,jason.gonzales@account213lt.co.uk,+44 7997 603825
Helen,Thompson,helen.thompson@selbychemica.co.uk,
Diane,Green,diane.green@goolecontain.co.uk,
Hannah,Edwards,hannah.edwards@thorntontimb.co.uk,0800 915 3897
Martin,Thompson,elizabeth.thompson@account125lt.co.uk,
John,Cox,john.cox@redhillengin.co.uk,01905 267188
Christine,Young,christine.young@bramleypacka.co.uk,01715 928249
Donna,Miller,donna.miller@elsworthmanu.co.uk,+44 7976 992104
Matthew,Edwards,wendy.edwards@@account201lt.co.uk,0800 478 9404
Anthony,Peterson,anthony.peterson@account139lt.co.uk,0800 419 7374
Lisa,Singh,lisa.singh@account161lt.co.uk,+44 7898 810830
Fatima,Sharma,fatima.sharma@droitwichsup.co.uk,07716517848
Victoria,Watson,victoria.watson@account141lt.co.uk,0800 853 6333
Claire,Parker,claire.parker@account190lt.co.uk,07737347905
Andrew,Osei,andrew.osei@uttoxeterfor.co.uk,
Clare,Phillips,,01479 690913
Victoria,Cox,victoria.cox@leamingtonru.co.uk,+44 7745 273659
David,White,david.white@account168lt.co.uk,0800 797 9987
Priya,White,priya.white@abingdonfast.co.uk,+44 7736 346729
Lee,Flores,lee.flores@account158lt.co.uk,01270 627593
Lesley,Patterson,lesley.patterson@@imminghamfre.co.uk,07814641455
Jonathan,Roberts,jonathan.roberts@ilkestonplas.co.uk,07710305803
Rachel,Henderson,rachel.henderson@ilminstercom.co.uk,01249 767101
Sandra,Walker,sandra.walker@account202lt.co.uk,+44 7837 763874
Wendy,Green,wendy.green@alcesterprec.co.uk,+44 7860 309795
Carol,Anderson,carol.anderson@oakfieldtext.co.uk,+44 7779 355652
Fatima,White,fatima.white@chatterisrub.co.uk,0800 446 2765
Sean,Williams,sean.williams@account170lt.co.uk,0800 753 9728
Fatima,Graham,fatima.graham@account117lt.co.uk,07772268772
Charlotte,Williams,charlotte.williams@leamingtonru.co.uk,01651 958835
Julie,Myers,julie.myers@account148lt.co.uk,+44 7755 857260
Andrew,Lewis,andrew.lewis@wantagelogis.co.uk,
Priya,Bryant,,0800 977 3113
Alan,Russell,alan.russell@jarvisbuildi.co.uk,01805 229461
Maria,Sharma,maria.sharma@account171lt.co.uk,+44 7952 327312
Neil,Osei,neil.osei@account163lt.co.uk,0800 995 1528
Anthony,Watson,anthony.watson@account138lt.co.uk,01429 919561
Samantha,Woods,samantha.woods@fultonbearin.co.uk,+44 7901 305633
Rachel,Butler,adrian.butler@zouchplastic.co.uk,0800 682 2866
Sean,Wilson,sean.wilson@account125lt.co.uk,01332 760957
Emma,Collins,graham.collins@frodshamcast.co.uk,01585 435752
Elizabeth,Jackson,elizabeth.jackson@account200lt.co.uk,0800 198 1813
Darren,Simmons,darren.simmons@ormskirkpack.co.uk,+44 7827 457713
Laura,Adams,laura.adams@account130lt.co.uk,0800 152 8738
Jacqueline,Green,jacqueline.green@account175lt.co.uk,07708132608
Adam,Davis,adam.davis@account131lt.co.uk,+44 7989 727814
Ryan,Powell,ryan.powell@account226lt.co.uk,07895590033
Samantha,Williams,samantha.williams@account221lt.co.uk,+44 7824 364843
Priya,Martin,,0800 605 2895
Deborah,Mitchell,deborah.mitchell@keighleymeta.co.uk,01489 260534
Rebecca,Powell,rebecca.powell@@kelsowholesa.co.uk,0800 249 3450
Barbara,Watson,barbara.watson@ormskirkpack.co.uk,
Peter,Graham,peter.graham@hadleightool.co.uk,0800 351 7416
Michelle,Hamilton,michelle.hamilton@ripleychemic.co.uk,07973753404
Hannah,Miller,hannah.miller@account156lt.co.uk,01267 491399
Sean,Khan,sean.khan@gainsborough.co.uk,+44 7807 826998
Graham,Parker,graham.parker@account213lt.co.uk,07995178129
Catherine,Henderson,catherine.henderson@account118lt.co.uk,07924345224
